{
    "accuracy": 0.9991942877781791,
    "precision": 0.9991951684337693,
    "recall": 0.9991942877781791,
    "f1-score": 0.9991945012210494,
    "confusion_matrix": [
        [
            9241,
            7
        ],
        [
            22,
            26723
        ]
    ]
}