{
    "accuracy": 0.996996996996997,
    "precision": 1.0,
    "recall": 0.996996996996997,
    "f1-score": 0.9984962406015038,
    "confusion_matrix": [
        [
            1992,
            6
        ],
        [
            0,
            0
        ]
    ]
}