{
    "accuracy": 0.9996110354791209,
    "precision": 0.9996110354791209,
    "recall": 0.9996110354791209,
    "f1-score": 0.9996110354791209,
    "confusion_matrix": [
        [
            9241,
            7
        ],
        [
            7,
            26738
        ]
    ]
}